age,gender,city origin,hs gpa,admission score,first sem gpa,socioeconomic level,scholarship,loan,financial aid,dropout
22.0,Male,Barranquilla,,308.7,3.17,6.0,No,Yes,No,No
19.0,Male,Other,3.63,300.4,3.91,2.0,No,Yes,No,No
28.0,Male,Other,,207.9,4.03,3.0,Yes,Yes,No,No
26.0,Female,Bogotá,3.29,207.3,3.92,4.0,No,Yes,No,Yes
,Female,Barranquilla,3.77,,1.97,3.0,Yes,No,Yes,Yes
28.0,Female,Medellín,2.6,,2.55,2.0,Yes,No,Yes,Yes
20.0,Male,Bogotá,2.87,355.4,,2.0,No,No,No,Yes
22.0,Female,Barranquilla,4.97,289.6,4.32,3.0,Yes,No,Yes,No
25.0,Female,Barranquilla,4.91,482.2,2.48,5.0,Yes,No,Yes,Yes
18.0,Female,Medellín,2.51,277.8,2.24,5.0,Yes,No,No,Yes
22.0,Female,Medellín,4.88,328.9,4.85,1.0,No,No,No,Yes
26.0,Male,Barranquilla,4.1,461.8,1.53,1.0,No,Yes,No,No
26.0,Male,Barranquilla,4.67,452.6,4.99,5.0,No,Yes,Yes,No
23.0,Male,Barranquilla,3.64,255.8,3.87,4.0,No,No,Yes,No
20.0,Female,Medellín,3.79,440.8,4.4,5.0,Yes,No,Yes,No
19.0,Male,Barranquilla,3.72,337.5,2.53,2.0,No,No,No,Yes
23.0,Male,Barranquilla,4.17,344.9,1.55,3.0,No,Yes,No,No
23.0,Male,Cali,2.85,240.0,4.08,4.0,Yes,Yes,No,No
18.0,Male,Barranquilla,2.57,224.2,4.42,3.0,No,No,Yes,No
21.0,Female,Medellín,3.27,418.4,4.09,2.0,No,Yes,No,No
20.0,Female,Barranquilla,4.26,348.9,2.0,1.0,Yes,No,No,Yes
17.0,Male,Barranquilla,3.0,331.1,4.14,3.0,Yes,No,No,Yes
23.0,Male,Barranquilla,4.18,418.9,4.19,2.0,Yes,No,No,No
27.0,Female,Medellín,4.92,429.7,3.8,,Yes,No,No,No
29.0,Male,Other,2.73,247.7,4.18,6.0,No,No,Yes,Yes
21.0,Male,Cali,4.18,383.1,4.46,2.0,No,No,Yes,Yes
17.0,Male,Bogotá,3.61,240.6,3.65,4.0,No,No,No,Yes
27.0,Male,Medellín,4.67,425.4,1.81,1.0,No,No,Yes,Yes
20.0,Female,Barranquilla,2.94,397.1,3.21,3.0,Yes,Yes,Yes,No
16.0,Female,Barranquilla,4.23,487.0,6.5,6.0,No,Yes,Yes,Yes
27.0,Male,Other,4.6,220.7,2.93,1.0,No,Yes,Yes,Yes
25.0,Male,Barranquilla,,217.1,2.92,1.0,No,No,No,Yes
21.0,Female,Barranquilla,4.21,284.7,1.73,2.0,No,No,No,Yes
28.0,Female,Barranquilla,3.74,278.5,2.72,1.0,No,No,No,Yes
27.0,Female,Barranquilla,4.04,274.1,,4.0,No,Yes,No,Yes
,Female,Barranquilla,4.67,471.9,4.33,5.0,No,Yes,No,No
16.0,Male,Bogotá,3.93,274.9,4.82,2.0,Yes,No,No,No
26.0,Male,Bogotá,2.58,281.6,1.75,2.0,Yes,Yes,No,Yes
26.0,Female,Other,4.83,427.8,,2.0,Yes,No,No,No
25.0,Male,Cali,4.22,334.9,3.33,4.0,No,No,Yes,No
27.0,Female,Barranquilla,4.19,433.0,2.55,1.0,No,No,No,Yes
27.0,Female,Barranquilla,,219.6,1.77,3.0,No,Yes,No,No
29.0,Female,Bogotá,,346.3,3.25,3.0,No,Yes,No,No
29.0,Male,Bogotá,3.48,210.1,4.28,3.0,No,Yes,No,Yes
29.0,Female,Barranquilla,4.13,218.8,6.5,2.0,No,No,No,No
18.0,Male,Medellín,2.77,471.9,1.68,4.0,Yes,No,No,No
27.0,Female,Bogotá,4.14,241.8,1.76,1.0,Yes,Yes,Yes,No
22.0,Female,Bogotá,5.0,359.7,2.91,1.0,No,No,No,Yes
19.0,Male,Bogotá,2.62,323.3,2.53,5.0,No,No,No,Yes
24.0,Female,Barranquilla,5.8,304.2,2.31,4.0,No,Yes,No,Yes
18.0,Female,Other,,470.0,2.48,1.0,Yes,No,Yes,No
20.0,Male,Cali,4.68,206.5,4.31,2.0,Yes,No,No,Yes
18.0,Male,Barranquilla,4.46,399.1,4.75,2.0,No,Yes,No,No
22.0,Male,Other,3.92,489.0,2.92,2.0,Yes,Yes,Yes,Yes
20.0,Male,Bogotá,4.35,,4.67,2.0,Yes,No,No,No
24.0,Male,Other,4.7,481.0,2.63,1.0,No,No,Yes,Yes
22.0,Female,Cali,3.51,215.7,3.17,3.0,Yes,No,No,No
17.0,Male,Bogotá,3.32,325.6,2.29,,No,No,No,Yes
19.0,Male,Barranquilla,4.17,278.0,3.74,3.0,Yes,No,No,No
24.0,Female,Barranquilla,4.52,419.2,4.93,3.0,Yes,Yes,Yes,No
27.0,Male,Bogotá,4.41,494.4,3.61,1.0,No,No,No,Yes
,Female,Medellín,4.49,277.0,2.75,6.0,No,No,Yes,Yes
17.0,Male,Barranquilla,3.59,396.3,3.77,4.0,No,Yes,Yes,No
25.0,Male,Barranquilla,4.54,259.4,1.93,4.0,No,No,Yes,Yes
,Female,Cali,2.8,369.6,4.61,4.0,Yes,No,Yes,No
25.0,Female,Other,3.86,339.2,3.26,5.0,No,Yes,No,Yes
20.0,Female,Bogotá,2.51,491.6,3.07,3.0,Yes,No,No,No
17.0,Female,Barranquilla,3.31,382.6,3.55,2.0,No,Yes,No,No
19.0,Female,Barranquilla,5.8,304.9,3.69,3.0,No,Yes,No,No
27.0,Male,Barranquilla,3.49,234.2,1.75,4.0,No,Yes,No,Yes
27.0,Male,Other,4.24,245.4,3.89,4.0,No,No,No,No
22.0,Female,Barranquilla,3.47,267.6,2.35,3.0,Yes,No,No,No
27.0,Female,Bogotá,3.62,275.3,4.0,1.0,Yes,Yes,No,Yes
28.0,Other,Barranquilla,3.09,455.2,4.38,2.0,No,No,Yes,No
23.0,Male,Bogotá,3.43,368.4,,5.0,No,Yes,No,No
18.0,Male,Medellín,3.07,357.0,3.43,3.0,No,No,Yes,Yes
29.0,Female,Cali,2.68,234.4,3.32,3.0,Yes,No,No,Yes
16.0,Male,Barranquilla,4.01,458.0,2.0,2.0,No,No,No,No
19.0,Female,Barranquilla,4.17,416.8,4.21,2.0,Yes,No,No,No
17.0,Female,Barranquilla,4.05,220.3,2.45,5.0,No,Yes,Yes,Yes
23.0,Male,Other,3.66,412.4,3.24,3.0,No,Yes,No,No
19.0,Female,Other,3.45,363.1,2.49,4.0,No,No,Yes,Yes
17.0,Female,Bogotá,4.66,224.5,1.97,3.0,Yes,No,No,No
29.0,Male,Medellín,3.8,337.5,,3.0,No,Yes,Yes,No
21.0,Female,Medellín,3.7,345.4,1.69,2.0,No,Yes,Yes,No
21.0,Female,Barranquilla,2.56,249.7,4.12,4.0,No,Yes,No,Yes
25.0,Female,Other,3.35,,,2.0,No,No,Yes,Yes
19.0,Male,Bogotá,3.45,455.0,1.5,2.0,No,Yes,No,Yes
21.0,Female,Bogotá,3.5,400.7,3.29,3.0,No,No,No,No
28.0,Male,Bogotá,3.95,338.7,6.5,5.0,No,No,Yes,Yes
17.0,Male,Barranquilla,3.83,323.5,2.47,1.0,Yes,No,No,No
25.0,Female,Barranquilla,4.02,395.3,3.97,4.0,Yes,Yes,Yes,No
27.0,Male,Medellín,4.41,363.6,1.72,2.0,No,No,No,Yes
17.0,Male,Barranquilla,4.53,218.7,4.44,2.0,Yes,Yes,Yes,No
25.0,Female,Medellín,,353.8,1.51,1.0,No,No,No,Yes
29.0,Female,Barranquilla,4.89,441.9,2.36,2.0,No,No,Yes,Yes
19.0,Female,Bogotá,2.55,337.8,,3.0,No,Yes,No,No
29.0,Female,Barranquilla,2.99,215.6,2.61,1.0,No,No,No,Yes
23.0,Male,Bogotá,2.52,435.9,1.86,3.0,No,No,No,No
29.0,Male,Medellín,4.12,260.4,2.76,5.0,No,No,No,Yes
22.0,Male,Barranquilla,4.75,277.6,2.45,1.0,Yes,Yes,No,Yes
27.0,Female,Bogotá,3.11,,4.45,4.0,No,No,No,No
24.0,Female,Bogotá,4.82,299.1,2.6,2.0,Yes,No,Yes,Yes
29.0,Female,Medellín,2.65,427.0,4.26,,No,No,No,No
23.0,Female,Other,4.84,355.8,4.62,2.0,No,No,No,Yes
20.0,Male,Medellín,3.38,261.5,,1.0,No,Yes,No,Yes
28.0,Female,Barranquilla,2.75,463.3,4.68,1.0,Yes,No,No,No
17.0,Male,Barranquilla,3.71,463.9,2.82,1.0,No,No,No,Yes
20.0,Female,Barranquilla,3.14,461.2,4.87,1.0,No,No,Yes,No
23.0,Male,Bogotá,3.21,271.6,1.81,3.0,Yes,No,No,Yes
25.0,Female,Barranquilla,3.27,335.4,3.9,5.0,Yes,Yes,Yes,No
24.0,Male,Bogotá,4.51,495.5,3.23,4.0,Yes,Yes,No,No
27.0,Male,Bogotá,3.85,431.6,2.86,3.0,No,Yes,No,Yes
27.0,Male,Barranquilla,3.28,208.2,3.71,1.0,Yes,Yes,No,Yes
27.0,Female,Cali,4.03,219.6,,2.0,No,No,No,No
28.0,Female,Barranquilla,4.29,339.2,1.52,2.0,No,Yes,No,Yes
24.0,Male,Barranquilla,3.18,472.8,,2.0,No,Yes,Yes,Yes
28.0,Male,Medellín,3.53,361.6,4.0,3.0,Yes,No,No,No
,Female,Bogotá,2.8,349.3,3.83,,No,No,Yes,No
16.0,Male,Medellín,2.95,231.6,4.88,2.0,No,No,No,Yes
24.0,Female,Bogotá,4.2,,4.16,2.0,No,No,No,No
22.0,Female,Barranquilla,2.95,446.6,4.83,4.0,No,Yes,Yes,No
24.0,Male,Cali,3.81,314.1,3.96,4.0,No,No,No,No
23.0,Male,Cali,4.27,432.7,2.54,,No,No,No,Yes
16.0,Other,Medellín,2.77,489.3,1.87,5.0,No,Yes,No,Yes
5.0,Male,Barranquilla,3.92,261.1,4.24,6.0,No,No,No,No
23.0,Male,Bogotá,3.14,357.0,,2.0,Yes,No,Yes,No
23.0,Female,Bogotá,4.91,286.1,1.67,2.0,Yes,Yes,Yes,No
26.0,Female,Barranquilla,3.71,437.9,2.76,3.0,Yes,Yes,No,Yes
18.0,Other,Other,4.51,373.3,4.85,5.0,No,Yes,No,Yes
16.0,Female,Barranquilla,3.88,390.4,3.25,5.0,No,Yes,Yes,No
23.0,Male,Other,,439.4,3.01,1.0,No,No,No,Yes
18.0,Male,Bogotá,4.08,318.8,3.1,2.0,No,No,Yes,No
18.0,Female,Barranquilla,4.88,474.5,,3.0,No,Yes,No,Yes
16.0,Female,Bogotá,4.0,359.9,2.79,3.0,No,No,No,No
,Male,Other,4.55,247.4,2.79,1.0,No,No,No,No
20.0,Female,Medellín,4.71,,,5.0,No,No,No,Yes
25.0,Male,Cali,3.07,438.0,4.19,3.0,Yes,No,No,No
22.0,Female,Medellín,3.03,295.0,2.96,4.0,Yes,Yes,Yes,No
25.0,Male,Medellín,4.03,,4.38,5.0,Yes,No,Yes,No
24.0,Male,Cali,3.53,471.8,4.48,4.0,No,No,No,No
27.0,Male,Barranquilla,,283.1,2.24,2.0,No,No,No,Yes
22.0,Male,Bogotá,4.75,,3.8,3.0,No,No,No,No
24.0,Male,Barranquilla,3.38,242.2,3.15,1.0,Yes,Yes,No,No
23.0,Female,Other,3.09,260.6,4.58,3.0,No,No,No,Yes
27.0,Female,Other,4.45,255.3,2.26,1.0,No,Yes,Yes,Yes
,Female,Barranquilla,3.19,468.2,3.87,3.0,Yes,No,No,Yes
16.0,Female,Medellín,4.56,396.3,3.63,2.0,No,No,No,Yes
22.0,Male,Other,3.56,245.6,2.53,1.0,Yes,Yes,No,Yes
22.0,Male,Barranquilla,,332.1,1.98,1.0,No,No,No,Yes
29.0,Female,Bogotá,2.74,384.6,3.78,1.0,No,Yes,Yes,Yes
23.0,Male,Other,4.06,225.0,4.09,4.0,Yes,No,No,No
20.0,Female,Barranquilla,3.63,464.7,2.6,4.0,Yes,No,No,Yes
18.0,Male,Medellín,3.97,441.1,3.76,3.0,No,No,No,Yes
,Female,Barranquilla,2.92,351.6,2.88,1.0,No,No,Yes,Yes
23.0,Male,Other,4.34,490.1,4.0,1.0,No,No,Yes,No
21.0,Female,Other,4.66,325.3,2.2,1.0,No,No,Yes,Yes
26.0,Female,Other,3.04,495.2,4.62,1.0,No,No,No,Yes
18.0,Other,Bogotá,2.74,400.4,2.51,5.0,No,No,No,Yes
16.0,Male,Other,2.56,390.4,2.79,2.0,No,Yes,No,No
18.0,Female,Cali,4.1,249.8,1.7,2.0,No,No,No,Yes
20.0,Female,Barranquilla,4.02,464.6,1.89,1.0,No,Yes,No,Yes
29.0,Female,Cali,3.87,328.2,3.31,2.0,No,No,No,No
18.0,Female,Barranquilla,3.08,248.7,,3.0,No,Yes,Yes,Yes
16.0,Female,Bogotá,3.48,203.8,4.42,3.0,No,Yes,No,Yes
20.0,Male,Barranquilla,3.99,367.9,1.55,2.0,Yes,No,No,No
25.0,Female,Barranquilla,3.74,358.2,2.83,1.0,No,No,Yes,Yes
22.0,Female,Barranquilla,4.97,415.8,2.68,2.0,No,Yes,Yes,Yes
29.0,Female,Medellín,2.84,467.1,1.57,2.0,Yes,Yes,No,No
22.0,Male,Barranquilla,4.24,223.8,1.94,2.0,No,No,No,Yes
26.0,Male,Medellín,,419.4,2.95,6.0,No,No,No,No
24.0,Female,Barranquilla,3.57,256.2,3.23,3.0,Yes,Yes,Yes,Yes
25.0,Female,Barranquilla,4.29,457.5,2.92,3.0,No,Yes,No,No
25.0,Male,Bogotá,4.23,445.7,3.36,2.0,Yes,No,No,No
27.0,Female,Cali,4.98,362.2,3.58,2.0,Yes,Yes,Yes,No
28.0,Male,Barranquilla,0.5,413.1,1.53,3.0,No,No,No,Yes
18.0,Male,Medellín,2.76,294.3,3.12,3.0,No,No,Yes,No
22.0,Male,Other,4.31,341.4,4.87,4.0,Yes,No,No,No
16.0,Male,Medellín,3.95,446.5,,1.0,No,Yes,Yes,Yes
19.0,Female,Barranquilla,3.19,337.8,3.87,3.0,No,No,Yes,No
28.0,Male,Barranquilla,2.7,307.3,2.59,2.0,Yes,No,No,Yes
19.0,Other,Other,2.71,348.3,4.21,5.0,Yes,No,Yes,No
29.0,Other,Barranquilla,4.74,,4.21,3.0,No,No,No,Yes
20.0,Female,Other,2.98,300.6,3.32,3.0,Yes,No,Yes,No
22.0,Female,Bogotá,,252.1,4.92,1.0,No,No,No,Yes
22.0,Male,Other,0.5,413.6,1.94,3.0,No,No,Yes,Yes
28.0,Female,Cali,3.39,447.8,1.56,1.0,No,No,No,Yes
26.0,Female,Other,2.67,230.2,4.2,2.0,Yes,No,No,No
28.0,Male,Bogotá,3.8,272.0,4.33,1.0,No,No,Yes,Yes
19.0,Female,Cali,2.67,,1.92,3.0,No,Yes,No,Yes
28.0,Female,Bogotá,4.5,304.4,2.43,2.0,No,No,Yes,Yes
22.0,Female,Bogotá,3.08,335.1,1.56,2.0,Yes,No,No,No
,Female,Medellín,3.85,424.6,2.53,5.0,Yes,Yes,No,No
18.0,Female,Other,4.7,395.3,4.21,2.0,No,Yes,No,No
21.0,Male,Other,4.13,386.3,3.31,3.0,No,No,No,No
27.0,Female,Cali,3.83,305.7,2.72,2.0,Yes,No,No,Yes
17.0,Female,Bogotá,3.31,452.4,2.8,1.0,No,No,Yes,Yes
25.0,Male,Bogotá,3.33,341.4,1.5,4.0,Yes,Yes,Yes,Yes
28.0,Male,Medellín,4.17,493.7,2.55,1.0,No,No,No,Yes
29.0,Male,Barranquilla,4.99,,3.76,3.0,No,Yes,No,No
24.0,Female,Barranquilla,4.15,237.9,4.91,3.0,No,No,No,No
20.0,Other,Bogotá,3.89,402.9,4.46,3.0,No,Yes,No,No
21.0,Male,Barranquilla,4.33,297.5,1.58,3.0,No,Yes,No,Yes
27.0,Female,Barranquilla,3.66,405.9,4.64,2.0,No,Yes,No,No
27.0,Male,Barranquilla,2.65,220.9,,1.0,No,Yes,No,Yes
27.0,Female,Barranquilla,3.91,,4.23,4.0,No,Yes,No,Yes
27.0,Female,Barranquilla,4.89,456.7,3.1,3.0,No,Yes,No,No
19.0,Female,Other,2.94,268.2,2.89,4.0,Yes,No,Yes,Yes
29.0,Male,Bogotá,4.23,451.1,2.56,4.0,Yes,No,No,Yes
29.0,Male,Bogotá,3.0,283.8,1.73,,No,Yes,No,Yes
26.0,Male,Medellín,3.84,392.9,2.3,3.0,No,No,Yes,No
25.0,Male,Barranquilla,2.74,408.2,2.36,2.0,No,Yes,No,Yes
22.0,Female,Other,3.63,353.8,3.19,4.0,Yes,No,No,No
27.0,Female,Cali,4.39,291.6,4.12,3.0,No,Yes,No,No
24.0,Other,Barranquilla,3.37,263.8,3.16,,No,Yes,No,Yes
22.0,Other,Bogotá,4.16,210.0,1.7,5.0,No,No,No,Yes
29.0,Female,Other,4.49,291.2,4.85,5.0,No,No,No,No
16.0,Female,Other,4.82,395.9,4.8,3.0,No,No,No,No
16.0,Female,Bogotá,3.09,481.5,4.25,1.0,No,No,No,No
24.0,Female,Medellín,3.5,461.4,4.97,2.0,No,No,No,Yes
26.0,Male,Barranquilla,2.88,429.8,3.41,4.0,Yes,Yes,No,No
,Male,Other,4.98,436.5,4.87,5.0,No,Yes,No,No
24.0,Male,Barranquilla,4.82,399.5,1.76,2.0,No,Yes,No,No
19.0,Female,Other,3.85,278.1,2.78,1.0,No,Yes,No,Yes
28.0,Female,Medellín,4.61,472.2,2.29,5.0,Yes,No,No,No
24.0,Male,Medellín,3.8,401.2,2.19,2.0,No,No,No,Yes
18.0,Female,Bogotá,4.06,368.1,,3.0,No,Yes,No,Yes
22.0,Female,Barranquilla,2.72,233.3,3.68,6.0,Yes,No,No,No
21.0,Male,Barranquilla,4.39,334.1,4.23,1.0,No,No,No,Yes
23.0,Male,Barranquilla,2.82,338.1,3.52,3.0,No,Yes,No,No
26.0,Female,Barranquilla,4.57,459.4,2.01,1.0,No,Yes,No,No
24.0,Female,Cali,4.46,364.0,4.34,2.0,No,Yes,No,No
29.0,Female,Bogotá,4.27,314.1,3.73,4.0,Yes,Yes,No,No
20.0,Female,Barranquilla,2.59,493.0,2.86,2.0,No,Yes,No,Yes
16.0,Female,Other,3.26,233.2,3.86,6.0,Yes,No,Yes,Yes
18.0,Female,Other,3.16,326.8,2.41,3.0,No,Yes,No,Yes
25.0,Female,Other,3.4,212.6,2.71,2.0,No,Yes,No,Yes
27.0,Female,Other,2.72,422.0,4.71,2.0,No,No,No,Yes
23.0,Male,Barranquilla,4.84,475.4,2.52,2.0,Yes,No,No,Yes
26.0,Male,Bogotá,3.88,284.0,3.14,2.0,No,No,No,No
21.0,Male,Cali,3.26,457.5,4.62,1.0,No,Yes,No,Yes
23.0,Female,Medellín,3.49,287.7,3.98,2.0,No,Yes,Yes,Yes
24.0,Female,Barranquilla,3.62,473.2,1.72,3.0,No,No,No,Yes
19.0,Female,Cali,4.0,426.2,2.02,4.0,No,Yes,No,Yes
16.0,Male,Barranquilla,3.79,441.5,1.53,3.0,No,Yes,Yes,No
29.0,Male,Barranquilla,4.8,205.4,3.71,4.0,No,No,No,No
16.0,Male,Bogotá,3.74,,3.07,1.0,Yes,No,No,No
25.0,Male,Bogotá,4.98,418.0,1.97,2.0,Yes,No,No,Yes
19.0,Female,Bogotá,4.63,291.4,4.85,3.0,No,No,Yes,No
27.0,Male,Barranquilla,3.02,448.8,3.35,3.0,No,No,No,No
29.0,Male,Other,4.83,284.5,2.35,1.0,No,Yes,No,Yes
,Female,Barranquilla,2.79,461.8,3.25,,No,Yes,No,Yes
17.0,Male,Barranquilla,4.54,233.8,3.88,,Yes,Yes,No,No
18.0,Female,Other,3.45,411.1,1.77,3.0,No,Yes,No,No
16.0,Female,Other,4.69,362.2,,1.0,Yes,No,No,Yes
20.0,Male,Other,4.67,229.0,4.32,4.0,Yes,No,No,No
16.0,Female,Cali,4.51,272.6,3.11,3.0,No,No,No,No
23.0,Female,Medellín,4.48,,3.41,4.0,Yes,Yes,No,No
16.0,Female,Bogotá,3.26,340.6,3.01,4.0,No,Yes,No,Yes
26.0,Male,Barranquilla,,290.4,1.65,4.0,Yes,Yes,Yes,No
16.0,Female,Bogotá,3.51,379.5,6.5,3.0,No,Yes,Yes,Yes
17.0,Female,Bogotá,2.93,289.2,3.06,1.0,No,Yes,Yes,Yes
17.0,Male,Barranquilla,,290.0,2.23,3.0,Yes,No,Yes,Yes
27.0,Male,Medellín,3.37,423.0,1.67,3.0,No,No,No,Yes
21.0,Other,Bogotá,4.94,214.4,4.45,4.0,No,No,Yes,Yes
22.0,Female,Barranquilla,4.1,470.9,4.93,1.0,No,No,No,No
20.0,Male,Barranquilla,4.56,,4.28,1.0,Yes,No,No,No
16.0,Female,Medellín,2.83,400.3,4.49,5.0,No,Yes,No,Yes
16.0,Male,Barranquilla,4.66,378.0,2.35,4.0,No,Yes,Yes,Yes
18.0,Male,Other,4.81,467.7,4.86,5.0,No,Yes,No,Yes
29.0,Male,Bogotá,3.72,255.6,2.19,4.0,No,No,No,No
17.0,Male,Bogotá,4.02,223.7,4.83,3.0,No,No,No,No
20.0,Male,Bogotá,4.41,271.9,4.98,3.0,No,Yes,No,No
27.0,Male,Cali,2.94,438.4,3.99,5.0,No,No,No,Yes
25.0,Female,Barranquilla,3.76,210.4,4.93,3.0,No,No,No,No
21.0,Male,Medellín,3.5,374.8,3.49,3.0,No,Yes,No,No
22.0,Male,Bogotá,2.87,498.6,2.41,1.0,No,Yes,No,Yes
19.0,Female,Barranquilla,3.42,456.7,3.03,3.0,No,No,Yes,No
22.0,Male,Other,2.67,356.4,3.58,4.0,No,No,No,Yes
26.0,Female,Cali,2.56,219.1,,2.0,Yes,Yes,Yes,Yes
23.0,Male,Medellín,2.84,449.4,3.68,2.0,No,No,No,Yes
26.0,Male,Other,4.91,379.7,4.93,2.0,No,Yes,No,Yes
16.0,Male,Other,3.87,234.5,2.17,2.0,No,No,No,Yes
21.0,Male,Medellín,4.91,228.2,4.27,2.0,No,No,No,Yes
23.0,Male,Cali,3.58,472.9,4.68,2.0,No,No,No,Yes
20.0,Male,Medellín,3.28,400.8,4.8,5.0,No,No,No,No
19.0,Male,Medellín,3.77,448.8,4.86,3.0,Yes,No,No,No
,Male,Medellín,3.6,463.7,3.33,,No,No,No,No
21.0,Male,Cali,2.76,371.5,4.92,1.0,No,Yes,Yes,No
21.0,Male,Barranquilla,4.1,355.2,4.15,3.0,No,No,No,Yes
26.0,Male,Other,3.04,329.1,2.07,2.0,No,Yes,No,Yes
16.0,Female,Other,4.05,295.1,3.17,4.0,No,No,Yes,Yes
24.0,Female,Barranquilla,4.13,330.4,4.01,3.0,No,No,No,No
27.0,Male,Cali,2.88,432.2,2.37,4.0,Yes,No,Yes,Yes
26.0,Female,Barranquilla,2.65,380.6,3.74,,Yes,No,No,No
21.0,Female,Barranquilla,4.45,467.8,,3.0,Yes,No,No,No
28.0,Male,Medellín,3.65,333.0,2.07,2.0,No,Yes,No,Yes
18.0,Female,Barranquilla,2.65,382.1,3.48,5.0,No,No,Yes,No
19.0,Female,Cali,4.99,389.4,4.2,3.0,No,Yes,Yes,Yes
27.0,Male,Cali,2.64,377.5,3.25,2.0,No,Yes,Yes,No
26.0,Male,Bogotá,4.24,410.8,1.54,,No,Yes,No,Yes
19.0,Female,Barranquilla,4.96,271.2,1.53,1.0,No,No,No,Yes
18.0,Female,Barranquilla,3.1,353.7,2.75,3.0,No,No,No,No
25.0,Male,Medellín,2.86,231.3,4.74,,No,No,No,No
18.0,Male,Other,2.8,315.4,2.3,3.0,No,No,No,Yes
18.0,Male,Medellín,3.26,346.3,3.72,2.0,No,Yes,No,No
19.0,Female,Barranquilla,2.75,395.7,2.28,3.0,Yes,Yes,No,No
22.0,Female,Medellín,4.23,485.2,2.63,4.0,No,No,No,No
,Male,Bogotá,2.66,380.2,4.47,4.0,Yes,No,No,Yes
65.0,Male,Cali,3.77,423.1,4.05,4.0,No,No,No,No
16.0,Female,Barranquilla,,351.9,1.83,1.0,No,Yes,Yes,No
23.0,Male,Cali,4.53,390.2,3.0,1.0,No,No,No,No
22.0,Male,Bogotá,4.04,221.3,1.6,3.0,Yes,No,Yes,Yes
17.0,Female,Other,3.27,276.3,3.18,2.0,No,Yes,No,Yes
23.0,Female,Barranquilla,4.06,308.6,3.82,2.0,Yes,No,No,No
16.0,Female,Medellín,3.82,341.7,1.91,1.0,No,No,No,No
26.0,Female,Other,3.57,213.7,2.51,,Yes,No,No,Yes
27.0,Male,Barranquilla,2.83,,2.89,1.0,No,Yes,Yes,Yes
24.0,Male,Other,,283.0,4.72,5.0,No,No,No,Yes
24.0,Female,Medellín,3.62,491.5,4.98,2.0,No,Yes,No,No
17.0,Male,Barranquilla,2.99,299.4,1.66,3.0,Yes,Yes,No,Yes
22.0,Male,Barranquilla,3.42,344.6,4.16,1.0,Yes,No,No,No
29.0,Male,Medellín,3.54,258.8,2.8,3.0,No,No,No,Yes
25.0,Male,Barranquilla,4.57,383.2,2.87,2.0,No,Yes,No,Yes
18.0,Male,Bogotá,4.33,284.2,4.14,5.0,No,No,No,No
22.0,Male,Barranquilla,4.42,262.1,4.71,5.0,Yes,No,Yes,Yes
27.0,Male,Medellín,2.53,355.0,4.83,2.0,No,No,No,No
25.0,Male,Barranquilla,3.54,201.7,3.52,,Yes,No,No,No
24.0,Female,Other,3.7,202.3,2.75,6.0,Yes,No,No,Yes
19.0,Female,Other,2.55,265.7,6.5,4.0,No,No,No,Yes
27.0,Female,Other,3.15,211.0,2.38,4.0,No,Yes,No,Yes
16.0,Female,Medellín,4.4,232.4,3.47,2.0,Yes,Yes,No,No
17.0,Female,Barranquilla,2.84,301.7,2.76,3.0,Yes,No,No,No
16.0,Male,Cali,3.84,440.8,3.8,1.0,Yes,No,Yes,No
29.0,Female,Barranquilla,3.04,371.6,2.34,1.0,No,No,No,Yes
27.0,Female,Barranquilla,2.53,353.8,2.17,6.0,No,Yes,Yes,Yes
20.0,Female,Barranquilla,3.1,288.0,4.71,2.0,Yes,Yes,Yes,No
20.0,Male,Bogotá,4.94,479.5,1.86,4.0,Yes,No,No,Yes
,Male,Cali,4.5,319.1,3.27,4.0,No,Yes,No,No
22.0,Male,Medellín,,226.1,2.27,,No,No,No,No
24.0,Male,Bogotá,3.72,385.1,1.64,6.0,No,Yes,No,No
24.0,Female,Barranquilla,2.77,234.2,1.63,2.0,Yes,No,No,Yes
,Female,Other,3.87,303.6,2.11,1.0,Yes,No,No,Yes
18.0,Male,Bogotá,3.64,352.2,4.53,2.0,No,Yes,No,Yes
18.0,Other,Bogotá,4.61,462.3,2.49,1.0,No,No,No,Yes
19.0,Female,Barranquilla,2.75,348.1,4.83,1.0,Yes,Yes,No,No
23.0,Male,Cali,3.72,410.7,,2.0,No,No,No,Yes
21.0,Male,Medellín,2.88,,3.03,4.0,Yes,No,No,No
23.0,Male,Barranquilla,3.31,239.4,3.53,3.0,No,No,Yes,No
16.0,Male,Barranquilla,4.34,282.4,3.31,2.0,No,No,No,No
23.0,Male,Medellín,,318.4,4.16,3.0,Yes,No,No,No
19.0,Male,Medellín,3.44,326.5,2.49,2.0,No,Yes,No,Yes
26.0,Male,Barranquilla,3.49,323.3,,1.0,No,Yes,Yes,Yes
16.0,Male,Other,3.65,472.3,4.63,4.0,No,No,No,Yes
23.0,Female,Barranquilla,4.46,414.2,4.81,3.0,No,No,No,No
19.0,Male,Bogotá,4.73,382.4,4.62,4.0,Yes,No,No,No
21.0,Female,Other,4.89,292.8,2.97,1.0,No,No,Yes,Yes
23.0,Male,Bogotá,4.47,447.1,4.23,4.0,Yes,No,No,Yes
19.0,Other,Medellín,3.29,486.5,3.17,3.0,No,No,No,No
29.0,Male,Bogotá,4.22,446.4,3.24,3.0,No,No,No,No
18.0,Male,Barranquilla,3.59,200.5,2.22,3.0,No,No,Yes,Yes
29.0,Female,Other,3.14,390.9,3.57,5.0,Yes,No,No,No
24.0,Female,Bogotá,4.6,215.3,2.15,3.0,No,Yes,No,Yes
18.0,Female,Other,2.6,277.3,2.66,3.0,No,Yes,Yes,No
24.0,Male,Barranquilla,4.75,217.9,4.49,6.0,No,Yes,Yes,No
28.0,Male,Barranquilla,3.65,381.1,2.22,4.0,Yes,Yes,No,Yes
17.0,Female,Barranquilla,4.09,406.0,1.75,2.0,Yes,Yes,Yes,Yes
29.0,Female,Medellín,,234.3,1.74,4.0,No,No,Yes,Yes
17.0,Female,Bogotá,4.74,315.2,4.79,2.0,No,No,No,Yes
17.0,Female,Other,4.09,336.9,3.27,2.0,Yes,No,No,No
21.0,Male,Bogotá,4.03,310.7,2.93,3.0,No,No,Yes,No
18.0,Female,Other,2.67,236.3,4.34,5.0,No,Yes,No,Yes
28.0,Male,Barranquilla,3.8,325.7,4.43,5.0,No,Yes,Yes,Yes
24.0,Male,Other,2.88,425.4,2.66,2.0,Yes,Yes,Yes,Yes
19.0,Male,Cali,,221.3,3.93,3.0,Yes,No,Yes,No
16.0,Female,Cali,3.78,224.1,4.2,2.0,No,Yes,No,Yes
19.0,Male,Cali,4.2,306.4,,6.0,Yes,Yes,Yes,No
,Male,Cali,2.6,482.5,2.03,6.0,No,No,Yes,Yes
29.0,Female,Medellín,2.71,400.6,4.57,3.0,No,No,No,Yes
20.0,Male,Barranquilla,4.29,403.6,3.39,4.0,No,Yes,No,Yes
19.0,Female,Barranquilla,2.68,308.6,2.49,4.0,No,No,No,No
23.0,Male,Other,2.68,378.1,2.99,3.0,No,No,No,Yes
23.0,Female,Medellín,2.53,203.0,1.63,,Yes,No,Yes,Yes
22.0,Female,Cali,4.89,390.8,1.95,3.0,No,No,No,No
18.0,Male,Bogotá,4.34,474.0,4.18,3.0,No,Yes,No,No
16.0,Male,Barranquilla,3.38,383.8,1.5,3.0,No,Yes,No,Yes
16.0,Male,Barranquilla,3.24,462.1,,2.0,Yes,No,No,Yes
27.0,Male,Medellín,3.37,417.2,3.33,5.0,Yes,No,No,Yes
26.0,Other,Bogotá,4.44,236.2,1.69,1.0,Yes,No,Yes,Yes
18.0,Male,Barranquilla,4.15,470.7,4.91,3.0,No,No,No,No
21.0,Female,Bogotá,2.96,219.9,2.29,3.0,No,No,Yes,No
22.0,Male,Barranquilla,2.94,360.2,2.56,3.0,No,No,No,No
,Female,Bogotá,2.75,242.6,2.56,3.0,Yes,No,No,Yes
29.0,Female,Barranquilla,4.15,203.5,2.31,2.0,Yes,No,No,Yes
29.0,Female,Cali,4.41,326.6,1.51,1.0,No,Yes,No,Yes
21.0,Male,Barranquilla,,288.5,4.05,3.0,No,No,No,No
21.0,Male,Bogotá,2.55,345.8,4.88,3.0,Yes,Yes,No,No
28.0,Male,Barranquilla,2.71,373.2,2.29,1.0,No,Yes,No,Yes
,Female,Barranquilla,4.92,213.1,3.82,4.0,Yes,No,No,No
21.0,Female,Bogotá,3.24,236.9,4.1,3.0,No,Yes,No,No
23.0,Female,Bogotá,4.42,367.6,4.47,3.0,No,Yes,No,No
26.0,Male,Medellín,4.06,303.0,2.98,4.0,Yes,Yes,No,Yes
26.0,Female,Barranquilla,3.45,418.8,2.56,1.0,Yes,No,No,Yes
17.0,Female,Medellín,3.01,395.7,2.64,1.0,No,No,No,Yes
20.0,Male,Other,2.8,453.7,3.99,4.0,Yes,No,No,No
,Male,Cali,4.04,,4.36,3.0,No,Yes,Yes,No
16.0,Female,Barranquilla,4.44,329.0,2.14,3.0,No,No,No,Yes
27.0,Female,Bogotá,4.11,401.9,2.8,4.0,No,No,No,No
16.0,Female,Barranquilla,3.83,282.6,4.66,4.0,No,Yes,No,Yes
20.0,Male,Barranquilla,2.6,291.9,4.32,6.0,No,No,No,No
27.0,Female,Other,4.92,,4.95,,Yes,Yes,Yes,No
28.0,Male,Barranquilla,4.5,333.9,4.14,3.0,No,No,No,No
18.0,Male,Bogotá,3.23,439.5,2.88,2.0,No,No,No,Yes
19.0,Male,Medellín,4.95,446.7,3.57,1.0,No,No,No,Yes
,Female,Medellín,4.0,457.3,3.81,3.0,Yes,Yes,No,No
16.0,Female,Bogotá,3.96,475.0,1.77,2.0,Yes,No,Yes,No
16.0,Female,Barranquilla,4.37,329.3,3.41,5.0,No,No,Yes,No
27.0,Male,Barranquilla,4.53,295.7,3.98,,Yes,No,No,Yes
,Female,Bogotá,4.14,374.7,2.09,3.0,No,No,No,No
29.0,Male,Barranquilla,2.82,311.4,4.23,2.0,No,Yes,No,No
28.0,Female,Bogotá,3.35,380.3,3.54,1.0,No,Yes,Yes,No
29.0,Male,Barranquilla,4.82,411.7,4.83,1.0,No,No,No,Yes
20.0,Male,Barranquilla,3.06,406.5,1.65,2.0,No,No,No,Yes
21.0,Male,Bogotá,3.43,312.4,2.43,1.0,No,No,No,Yes
18.0,Male,Barranquilla,3.58,250.1,3.61,3.0,Yes,Yes,Yes,No
27.0,Female,Bogotá,3.6,329.2,2.54,5.0,No,No,No,No
24.0,Female,Medellín,4.03,242.8,4.0,5.0,No,Yes,No,No
20.0,Male,Cali,4.86,467.0,4.16,3.0,No,No,No,No
23.0,Female,Barranquilla,3.1,303.8,1.86,2.0,No,No,No,Yes
28.0,Male,Barranquilla,2.8,246.3,3.3,,No,No,No,No
16.0,Female,Barranquilla,2.99,207.6,3.28,5.0,No,Yes,No,No
29.0,Female,Medellín,4.72,393.7,2.79,1.0,No,No,No,No
20.0,Female,Medellín,4.11,391.1,4.77,4.0,Yes,Yes,Yes,No
18.0,Male,Barranquilla,3.21,302.2,4.4,2.0,No,Yes,No,Yes
,Female,Other,4.54,221.5,3.94,4.0,No,No,Yes,No
16.0,Female,Barranquilla,4.65,322.9,4.0,6.0,No,No,No,No
19.0,Male,Bogotá,4.62,293.4,3.12,1.0,No,Yes,No,Yes
,Male,Medellín,4.8,403.1,4.72,5.0,No,No,No,No
20.0,Female,Other,3.13,381.7,3.93,3.0,Yes,No,No,No
22.0,Female,Medellín,4.39,309.4,4.05,6.0,No,No,Yes,No
16.0,Female,Cali,3.65,265.4,4.52,3.0,Yes,Yes,No,No
18.0,Female,Barranquilla,4.6,496.4,2.46,4.0,No,No,No,No
17.0,Female,Cali,4.32,336.2,4.32,1.0,No,Yes,Yes,No
24.0,Male,Barranquilla,4.44,406.5,2.18,,Yes,Yes,No,Yes
25.0,Male,Other,4.14,242.2,2.71,1.0,Yes,Yes,Yes,No
21.0,Male,Bogotá,,,2.67,6.0,No,No,No,Yes
25.0,Female,Cali,3.86,208.3,4.92,,Yes,Yes,No,No
18.0,Male,Bogotá,4.96,351.6,4.5,5.0,No,Yes,Yes,No
23.0,Female,Medellín,4.84,489.2,3.95,5.0,Yes,Yes,No,No
29.0,Female,Bogotá,2.61,315.3,4.04,,Yes,No,Yes,Yes
23.0,Female,Medellín,2.91,211.7,3.47,2.0,No,No,Yes,Yes
17.0,Male,Barranquilla,2.83,209.3,4.81,1.0,No,Yes,Yes,Yes
21.0,Female,Barranquilla,4.31,316.4,3.24,2.0,No,No,No,Yes
22.0,Male,Barranquilla,4.54,248.0,2.83,,No,No,No,Yes
17.0,Female,Barranquilla,3.03,207.0,2.07,3.0,No,No,No,Yes
26.0,Male,Other,3.76,426.9,4.25,2.0,No,Yes,Yes,No
25.0,Male,Barranquilla,4.6,337.6,4.07,1.0,No,No,Yes,Yes
17.0,Female,Other,4.33,286.8,2.85,1.0,No,No,No,Yes
25.0,Male,Barranquilla,3.86,470.0,1.59,1.0,No,No,No,Yes
16.0,Male,Barranquilla,3.98,234.8,4.44,6.0,No,Yes,No,Yes
23.0,Female,Cali,3.77,486.8,1.54,4.0,Yes,No,Yes,Yes
16.0,Female,Medellín,3.24,294.2,3.96,6.0,No,No,No,Yes
24.0,Female,Bogotá,3.91,466.5,4.9,2.0,Yes,No,No,No
26.0,Female,Bogotá,,380.9,3.03,2.0,No,Yes,No,No
21.0,Female,Medellín,4.68,448.0,2.32,4.0,Yes,Yes,No,Yes
22.0,Male,Barranquilla,4.09,495.2,3.97,2.0,No,No,Yes,No
28.0,Male,Other,4.4,286.5,4.36,2.0,No,No,No,No
70.0,Male,Other,2.9,488.3,3.41,2.0,Yes,Yes,No,No
22.0,Female,Medellín,3.65,316.8,4.88,1.0,Yes,No,No,No
25.0,Female,Barranquilla,2.52,315.7,1.68,2.0,Yes,Yes,No,Yes
18.0,Male,Medellín,3.12,302.1,3.27,2.0,No,No,No,Yes
17.0,Male,Barranquilla,4.32,,4.01,3.0,No,No,No,Yes
24.0,Female,Barranquilla,4.98,246.2,4.52,1.0,Yes,No,No,No
23.0,Male,Barranquilla,2.75,366.1,2.13,2.0,No,No,No,Yes
28.0,Female,Bogotá,3.5,362.5,4.3,4.0,No,Yes,No,No
27.0,Female,Other,4.5,428.6,3.43,1.0,No,No,No,No
25.0,Female,Medellín,3.01,450.1,,2.0,No,Yes,No,No
22.0,Male,Medellín,3.89,332.1,1.96,5.0,No,No,Yes,Yes
24.0,Female,Bogotá,4.33,290.7,4.53,1.0,No,No,No,No
19.0,Female,Barranquilla,4.04,,2.05,,Yes,No,No,Yes
28.0,Female,Bogotá,2.97,258.4,2.58,3.0,Yes,Yes,Yes,No
19.0,Female,Other,3.39,217.3,2.52,2.0,Yes,No,No,No
16.0,Female,Barranquilla,4.46,302.7,4.55,3.0,Yes,Yes,No,No
23.0,Female,Other,3.89,281.1,3.85,4.0,No,Yes,No,Yes
29.0,Male,Bogotá,2.51,489.9,4.29,1.0,No,No,No,No
29.0,Female,Bogotá,4.4,367.3,2.38,3.0,No,No,No,Yes
27.0,Female,Medellín,2.59,304.2,3.69,3.0,Yes,No,No,No
18.0,Male,Bogotá,4.36,374.1,3.5,1.0,Yes,Yes,No,No
22.0,Female,Other,3.01,241.8,4.41,3.0,No,Yes,No,No
27.0,Female,Other,4.9,,4.67,2.0,No,No,No,No
17.0,Female,Bogotá,3.42,387.9,1.54,,Yes,No,No,Yes
17.0,Male,Barranquilla,3.32,346.7,3.86,1.0,No,Yes,No,Yes
22.0,Male,Bogotá,2.87,320.5,1.68,3.0,No,No,Yes,Yes
21.0,Other,Other,3.26,498.2,3.42,2.0,No,No,No,No
65.0,Female,Barranquilla,4.69,464.1,2.51,4.0,No,No,Yes,No
24.0,Male,Medellín,4.99,387.0,2.57,1.0,Yes,No,No,No
,Female,Medellín,3.42,370.8,2.74,2.0,Yes,No,No,Yes
,Female,Medellín,3.62,386.2,3.67,3.0,No,No,No,No
28.0,Female,Barranquilla,4.31,260.4,2.67,4.0,No,No,No,No
21.0,Female,Medellín,4.72,318.5,4.06,3.0,No,Yes,No,No
25.0,Male,Other,3.98,211.8,2.92,3.0,No,No,No,Yes
25.0,Male,Barranquilla,,342.7,1.74,4.0,Yes,No,Yes,Yes
21.0,Male,Barranquilla,3.53,362.9,4.24,5.0,No,No,Yes,No
16.0,Female,Other,4.24,268.3,2.5,2.0,Yes,Yes,No,Yes
19.0,Male,Barranquilla,2.51,489.2,3.01,3.0,No,No,No,No
25.0,Male,Other,4.05,472.8,3.9,4.0,No,No,Yes,No
21.0,Male,Bogotá,3.39,416.6,2.66,6.0,No,Yes,No,No
21.0,Female,Barranquilla,4.49,360.0,1.7,5.0,No,No,No,Yes
26.0,Female,Other,2.73,461.0,2.81,2.0,No,No,Yes,Yes
27.0,Male,Bogotá,3.97,239.2,4.81,1.0,No,Yes,No,No
20.0,Male,Bogotá,3.7,437.2,3.75,3.0,No,No,No,Yes
16.0,Female,Bogotá,4.11,237.4,3.85,4.0,Yes,No,Yes,No
23.0,Male,Bogotá,2.66,438.3,3.71,3.0,Yes,No,No,No
20.0,Male,Barranquilla,3.95,282.7,2.2,3.0,Yes,Yes,No,No
27.0,Male,Bogotá,3.9,463.1,2.96,4.0,Yes,Yes,No,No
27.0,Male,Other,3.9,483.2,4.13,2.0,No,No,No,No
27.0,Male,Barranquilla,4.01,244.6,1.85,5.0,No,Yes,No,Yes
20.0,Female,Medellín,4.19,,2.47,2.0,No,No,No,Yes
22.0,Male,Barranquilla,4.51,494.3,2.47,2.0,Yes,Yes,Yes,No
19.0,Female,Cali,3.17,345.0,3.01,3.0,No,Yes,No,No
21.0,Male,Barranquilla,4.56,459.1,4.93,4.0,No,Yes,No,No
65.0,Female,Other,3.75,376.6,1.74,1.0,No,No,Yes,No
19.0,Female,Bogotá,2.69,,3.32,1.0,No,No,No,Yes
29.0,Male,Barranquilla,2.65,,2.13,6.0,No,Yes,No,Yes
18.0,Female,Barranquilla,3.34,261.0,4.9,1.0,Yes,Yes,No,No
22.0,Male,Barranquilla,4.46,428.5,1.9,3.0,Yes,Yes,No,No
23.0,Female,Bogotá,4.27,316.0,2.91,3.0,No,No,No,No
19.0,Male,Barranquilla,4.47,353.4,4.08,3.0,No,No,No,No
28.0,Male,Cali,3.79,347.7,3.97,3.0,No,No,No,No
17.0,Male,Bogotá,3.6,373.2,2.98,2.0,Yes,No,No,Yes
27.0,Other,Barranquilla,2.87,459.7,2.71,,No,No,No,No
25.0,Female,Medellín,3.32,494.2,,2.0,No,Yes,No,No
29.0,Female,Medellín,,322.3,2.42,3.0,No,No,No,Yes
18.0,Male,Barranquilla,2.72,448.3,2.22,1.0,Yes,Yes,No,Yes
16.0,Female,Barranquilla,3.05,429.4,3.19,3.0,Yes,Yes,No,No
,Male,Barranquilla,4.0,372.1,2.44,1.0,No,No,No,Yes
18.0,Female,Medellín,4.34,486.8,2.51,2.0,No,No,Yes,No
27.0,Male,Medellín,5.0,260.1,3.8,2.0,Yes,No,No,No
25.0,Male,Bogotá,4.83,232.8,4.89,1.0,Yes,No,No,Yes
22.0,Male,Cali,4.11,456.2,3.61,4.0,No,No,Yes,No
25.0,Male,Cali,3.55,331.7,1.77,2.0,No,Yes,No,No
20.0,Female,Bogotá,4.09,454.1,1.76,5.0,No,No,No,No
25.0,Male,Other,5.8,467.9,4.83,6.0,No,No,No,No
20.0,Female,Barranquilla,2.8,218.7,2.54,3.0,No,No,Yes,Yes
29.0,Male,Barranquilla,3.52,465.0,1.82,1.0,Yes,No,No,No
22.0,Female,Barranquilla,4.6,334.5,3.6,2.0,No,Yes,No,No
24.0,Male,Barranquilla,3.46,353.1,3.68,4.0,No,No,Yes,Yes
27.0,Male,Bogotá,3.93,388.0,3.77,2.0,No,No,No,Yes
20.0,Female,Other,3.97,477.9,2.44,1.0,No,Yes,No,Yes
,Male,Barranquilla,2.96,205.7,1.55,3.0,Yes,No,No,Yes
